id,pub_id,assigned,assigned_to,asssigned_timestamp
1,2008-02-WATERBIRDS,1,jameshowison,2017-06-12 16:21:26
2,2008-02-WATERBIRDS,1,ly4287,2017-06-13 11:45:03
3,2008-02-WATERBIRDS,1,jlcohoon,2017-06-13 11:45:03
4,2008-02-WATERBIRDS,1,SKKK9705,2017-06-13 11:45:05
5,2008-02-WATERBIRDS,1,shruthikrish,2017-06-13 11:45:06
6,2008-02-WATERBIRDS,1,LuculentDig,2017-06-13 11:45:07
7,2008-02-WATERBIRDS,1,mrcyndns,2017-06-13 11:45:19
8,2008-02-WATERBIRDS,1,tiashaj,2017-06-13 11:45:26
9,2008-02-WATERBIRDS,1,mjsong1201,2017-06-13 11:45:32
10,2008-02-WATERBIRDS,1,jcsick,2017-06-13 11:45:42
11,2008-02-WATERBIRDS,1,brentbiglin,2017-06-13 11:46:10
12,2000-04-MOL_ECOL,1,jameshowison,2017-06-12 16:23:29
13,2000-04-MOL_ECOL,1,SKKK9705,2017-06-13 11:46:18
14,2000-04-MOL_ECOL,1,raghu-achukola,2017-06-13 11:47:40
15,2000-04-MOL_ECOL,1,shruthikrish,2017-06-13 14:37:43
16,2000-04-MOL_ECOL,1,mjsong1201,2017-06-13 14:51:04
17,2000-04-MOL_ECOL,1,mrcyndns,2017-06-20 10:05:44
18,2000-04-MOL_ECOL,1,jcsick,2017-06-20 10:06:47
19,2000-04-MOL_ECOL,1,brentbiglin,2017-06-20 10:37:11
20,2000-04-MOL_ECOL,1,skshenoy,2017-06-20 11:36:47
21,2000-04-MOL_ECOL,1,LuculentDig,2017-06-27 10:02:17
22,2000-04-MOL_ECOL,1,tiashaj,2017-06-27 13:46:40
23,2007-48-UNDERSEA_HYPERBAR_M,1,jameshowison,2017-06-12 16:24:02
24,2007-48-UNDERSEA_HYPERBAR_M,1,raghu-achukola,2017-06-13 14:51:44
25,2007-48-UNDERSEA_HYPERBAR_M,1,mjsong1201,2017-06-19 18:52:35
26,2007-48-UNDERSEA_HYPERBAR_M,1,shruthikrish,2017-06-20 10:03:28
27,2007-48-UNDERSEA_HYPERBAR_M,1,jcsick,2017-06-20 10:54:37
28,2007-48-UNDERSEA_HYPERBAR_M,1,brentbiglin,2017-06-20 10:56:05
29,2007-48-UNDERSEA_HYPERBAR_M,1,mrcyndns,2017-06-20 10:56:29
30,2007-48-UNDERSEA_HYPERBAR_M,1,SKKK9705,2017-06-20 11:56:26
31,2007-48-UNDERSEA_HYPERBAR_M,1,skshenoy,2017-06-20 14:20:20
32,2007-48-UNDERSEA_HYPERBAR_M,1,luculentdig,2017-06-27 13:21:50
33,2007-48-UNDERSEA_HYPERBAR_M,1,,
34,2008-39-NAT_BIOTECHNOL,1,mjsong1201,2017-06-19 22:26:07
35,2008-39-NAT_BIOTECHNOL,1,raghu-achukola,2017-06-20 10:15:44
36,2008-39-NAT_BIOTECHNOL,1,shruthikrish,2017-06-20 10:42:25
37,2008-39-NAT_BIOTECHNOL,1,brentbiglin,2017-06-20 11:14:43
38,2008-39-NAT_BIOTECHNOL,1,mrcyndns,2017-06-20 11:24:55
39,2008-39-NAT_BIOTECHNOL,1,jcsick,2017-06-20 11:30:03
40,2008-39-NAT_BIOTECHNOL,1,SKKK9705,2017-06-20 13:49:51
41,2008-39-NAT_BIOTECHNOL,1,skshenoy,2017-06-20 14:47:50
42,2008-39-NAT_BIOTECHNOL,1,LuculentDig,2017-06-27 13:24:07
43,2008-39-NAT_BIOTECHNOL,1,jameshowison,2017-06-27 16:58:06
44,2008-39-NAT_BIOTECHNOL,1,,
45,2001-40-MOL_ECOL,1,raghu-achukola,2017-06-20 10:18:17
46,2001-40-MOL_ECOL,1,mjsong1201,2017-06-20 11:32:32
47,2001-40-MOL_ECOL,1,brentbiglin,2017-06-20 13:02:49
48,2001-40-MOL_ECOL,1,shruthikrish,2017-06-20 13:18:09
49,2001-40-MOL_ECOL,1,jcsick,2017-06-20 14:26:29
50,2001-40-MOL_ECOL,1,mrcyndns,2017-06-20 14:53:30
51,2001-40-MOL_ECOL,1,SKKK9705,2017-06-27 10:31:03
52,2001-40-MOL_ECOL,1,skshenoy,2017-06-27 14:32:40
53,2001-40-MOL_ECOL,1,,
54,2001-40-MOL_ECOL,1,,
55,2001-40-MOL_ECOL,1,,
56,2009-35-DEV_CELL,1,raghu-achukola,2017-06-20 12:48:40
57,2009-35-DEV_CELL,1,mjsong1201,2017-06-20 13:56:03
58,2009-35-DEV_CELL,1,brentbiglin,2017-06-20 14:02:32
59,2009-35-DEV_CELL,1,shruthikrish,2017-06-20 14:54:39
60,2009-35-DEV_CELL,1,SKKK9705,2017-06-27 11:48:18
61,2009-35-DEV_CELL,1,jcsick,2017-06-27 14:29:42
62,2009-35-DEV_CELL,1,,
63,2009-35-DEV_CELL,1,,
64,2009-35-DEV_CELL,1,,
65,2009-35-DEV_CELL,1,,
66,2009-35-DEV_CELL,1,,
67,2004-40-NAT_GENET,1,raghu-achukola,2017-06-20 13:46:36
68,2004-40-NAT_GENET,1,brentbiglin,2017-06-20 14:46:57
69,2004-40-NAT_GENET,1,mjsong1201,2017-06-22 18:03:35
70,2004-40-NAT_GENET,1,shruthikrish,2017-06-27 10:32:40
71,2004-40-NAT_GENET,1,,
72,2004-40-NAT_GENET,1,,
73,2004-40-NAT_GENET,1,,
74,2004-40-NAT_GENET,1,,
75,2004-40-NAT_GENET,1,,
76,2004-40-NAT_GENET,1,,
77,2004-40-NAT_GENET,1,,
78,2001-35-NAT_BIOTECHNOL,1,raghu-achukola,2017-06-20 14:06:29
79,2001-35-NAT_BIOTECHNOL,1,brentbiglin,2017-06-20 14:54:15
80,2001-35-NAT_BIOTECHNOL,1,mjsong1201,2017-06-22 18:23:41
81,2001-35-NAT_BIOTECHNOL,1,shruthikrish,2017-06-27 10:53:57
82,2001-35-NAT_BIOTECHNOL,1,,
83,2001-35-NAT_BIOTECHNOL,1,,
84,2001-35-NAT_BIOTECHNOL,1,,
85,2001-35-NAT_BIOTECHNOL,1,,
86,2001-35-NAT_BIOTECHNOL,1,,
87,2001-35-NAT_BIOTECHNOL,1,,
88,2001-35-NAT_BIOTECHNOL,1,,
89,2007-41-MOL_THER,1,raghu-achukola,2017-06-20 14:25:13
90,2007-41-MOL_THER,1,mjsong1201,2017-06-27 10:24:17
91,2007-41-MOL_THER,1,brentbiglin,2017-06-27 10:55:23
92,2007-41-MOL_THER,1,shruthikrish,2017-06-27 13:44:59
93,2007-41-MOL_THER,1,,
94,2007-41-MOL_THER,1,,
95,2007-41-MOL_THER,1,,
96,2007-41-MOL_THER,1,,
97,2007-41-MOL_THER,1,,
98,2007-41-MOL_THER,1,,
99,2007-41-MOL_THER,1,,
100,2002-48-TURK_J_ZOOL,1,raghu-achukola,2017-06-20 14:35:49
101,2002-48-TURK_J_ZOOL,1,mjsong1201,2017-06-27 10:45:40
102,2002-48-TURK_J_ZOOL,1,brentbiglin,2017-06-27 13:51:54
103,2002-48-TURK_J_ZOOL,1,shruthikrish,2017-06-27 14:37:34
104,2002-48-TURK_J_ZOOL,1,,
105,2002-48-TURK_J_ZOOL,1,,
106,2002-48-TURK_J_ZOOL,1,,
107,2002-48-TURK_J_ZOOL,1,,
108,2002-48-TURK_J_ZOOL,1,,
109,2002-48-TURK_J_ZOOL,1,,
110,2002-48-TURK_J_ZOOL,1,,
111,2010-05-BMC_MOL_BIOL,1,raghu-achukola,2017-06-20 14:43:28
112,2010-05-BMC_MOL_BIOL,1,mjsong1201,2017-06-27 10:58:17
113,2010-05-BMC_MOL_BIOL,1,brentbiglin,2017-06-27 13:56:52
114,2010-05-BMC_MOL_BIOL,1,shruthikrish,2017-06-27 14:51:08
115,2010-05-BMC_MOL_BIOL,1,,
116,2010-05-BMC_MOL_BIOL,1,,
117,2010-05-BMC_MOL_BIOL,1,,
118,2010-05-BMC_MOL_BIOL,1,,
119,2010-05-BMC_MOL_BIOL,1,,
120,2010-05-BMC_MOL_BIOL,1,,
121,2010-05-BMC_MOL_BIOL,1,,
122,2007-24-SCIENCE,1,raghu-achukola,2017-06-20 14:57:48
123,2007-24-SCIENCE,1,mjsong1201,2017-06-27 14:25:03
124,2007-24-SCIENCE,1,brentbiglin,2017-06-27 14:34:47
125,2007-24-SCIENCE,1,,
126,2007-24-SCIENCE,1,,
127,2007-24-SCIENCE,1,,
128,2007-24-SCIENCE,1,,
129,2007-24-SCIENCE,1,,
130,2007-24-SCIENCE,1,,
131,2007-24-SCIENCE,1,,
132,2007-24-SCIENCE,1,,
242,PMC5304233,1,jlcohoon,2017-06-28 09:53:20
243,PMC5304233,1,jameshowison,2017-06-28 15:26:31
244,PMC3028497,1,raghu-achukola,2017-06-28 23:50:52
245,PMC3028497,1,jameshowison,2017-06-29 13:36:27
246,PMC3481138,1,raghu-achukola,2017-06-29 00:08:22
247,PMC3481138,1,brentbiglin,2017-06-29 15:51:48
248,PMC5318517,1,raghu-achukola,2017-06-29 00:35:36
249,PMC5318517,1,shruthikrish,2017-07-05 18:55:39
250,PMC4041307,1,raghu-achukola,2017-06-29 00:40:45
251,PMC4041307,1,shruthikrish,2017-07-05 19:09:19
252,PMC3782726,1,raghu-achukola,2017-06-29 00:49:22
253,PMC3782726,1,shruthikrish,2017-07-05 19:33:33
254,PMC5011596,1,raghu-achukola,2017-06-29 00:53:34
255,PMC5011596,1,shruthikrish,2017-07-05 19:39:42
256,PMC3035800,1,shruthikrish,2017-07-06 12:01:56
257,PMC3035800,1,raghu-achukol,2017-07-07 13:37:53
258,PMC4080211,1,shruthikrish,2017-07-06 22:55:24
259,PMC4080211,1,raghu-achukola,2017-07-07 13:38:27
260,PMC5042035,1,shruthikrish,2017-07-07 20:21:35
261,PMC5042035,1,jcsick,2017-07-09 14:53:39
262,PMC4589431,1,shruthikrish,2017-07-07 21:44:46
263,PMC4589431,1,jcsick,2017-07-10 12:31:19
264,PMC3772259,1,shruthikrish,2017-07-08 20:50:03
265,PMC3772259,1,mrcyndns,2017-07-10 18:45:51
266,PMC5061105,1,shruthikrish,2017-07-08 21:00:11
267,PMC5061105,1,mrcyndns,2017-07-11 12:44:26
268,PMC3952605,1,shruthikrish,2017-07-09 20:21:37
269,PMC3952605,1,raghu-achukola,2017-07-12 00:39:45
270,PMC5238813,1,shruthikrish,2017-07-09 23:00:22
271,PMC5238813,1,raghu-achukola,2017-07-12 00:59:37
272,PMC4722096,1,shruthikrish,2017-07-11 09:51:34
273,PMC4722096,1,raghu-achukola,2017-07-12 01:04:43
274,PMC3984304,1,shruthikrish,2017-07-11 09:58:45
275,PMC3984304,1,raghu-achukola,2017-07-12 04:30:41
276,PMC3890939,1,shruthikrish,2017-07-11 10:06:40
277,PMC3890939,1,raghu-achukola,2017-07-12 04:51:00
278,PMC4075858,1,shruthikrish,2017-07-11 10:52:05
279,PMC4075858,1,brentbiglin,2017-07-12 16:57:29
280,PMC3015515,1,shruthikrish,2017-07-11 16:34:50
281,PMC3015515,1,brentbiglin,2017-07-12 17:09:50
282,PMC4579189,1,shruthikrish,2017-07-11 16:48:04
283,PMC4579189,1,brentbiglin,2017-07-12 17:13:42
284,PMC4927850,1,shruthikrish,2017-07-12 09:19:58
285,PMC4927850,1,brentbiglin,2017-07-12 17:17:38
286,PMC4377530,1,shruthikrish,2017-07-12 10:29:23
287,PMC4377530,1,brentbiglin,2017-07-13 12:29:12
288,PMC5040080,1,shruthikrish,2017-07-12 10:59:41
289,PMC5040080,1,brentbiglin,2017-07-13 12:56:40
290,PMC3389425,1,shruthikrish,2017-07-12 11:40:08
291,PMC3389425,1,brentbiglin,2017-07-13 13:12:43
292,PMC5339831,1,shruthikrish,2017-07-13 10:27:29
293,PMC5339831,1,brentbiglin,2017-07-13 13:50:05
294,PMC3826769,1,mjsong1201,2017-07-13 16:48:02
295,PMC3826769,1,shruthikrish,2017-07-14 10:14:23
296,PMC3805657,1,mjsong1201,2017-07-13 17:25:53
297,PMC3805657,1,shruthikrish,2017-07-14 11:26:43
298,PMC4733746,1,mjsong1201,2017-07-13 17:31:27
299,PMC4733746,1,shruthikrish,2017-07-14 11:44:32
300,PMC4959023,1,mjsong1201,2017-07-13 17:46:27
301,PMC4959023,1,mrcyndns,2017-07-14 17:25:09
302,PMC4744260,1,mjsong1201,2017-07-13 18:44:07
303,PMC4744260,1,jcsick,2017-07-14 20:51:10
304,PMC3425424,1,mjsong1201,2017-07-14 16:25:49
305,PMC3425424,1,shruthikrish,2017-07-16 11:54:13
306,PMC4926940,1,mjsong1201,2017-07-14 16:42:33
307,PMC4926940,1,shruthikrish,2017-07-16 13:05:20
308,PMC4718263,1,mjsong1201,2017-07-14 17:07:39
309,PMC4718263,1,raghu-achukola,2017-07-17 14:00:22
310,PMC5077443,1,mjsong1201,2017-07-14 17:12:37
311,PMC5077443,1,raghu-achukola,2017-07-17 14:11:02
312,PMC4717961,1,mjsong1201,2017-07-14 17:14:13
313,PMC4717961,1,raghu-achukola,2017-07-17 14:19:20
314,PMC1747177,1,mjsong1201,2017-07-14 17:27:33
315,PMC1747177,1,raghu-achukola,2017-07-17 14:29:15
316,PMC3309518,1,mjsong1201,2017-07-14 20:26:04
317,PMC3309518,1,raghu-achukola,2017-07-17 14:35:51
318,PMC3198286,1,raghu-achukola,2017-07-17 15:11:56
319,PMC3198286,1,mrcyndns,2017-07-17 16:13:54
320,PMC3857483,1,raghu-achukola,2017-07-17 15:28:48
321,PMC3857483,1,brentbiglin,2017-07-17 17:25:05
322,PMC3308610,1,raghu-achukola,2017-07-17 15:39:08
323,PMC3308610,1,shruthikrish,2017-07-17 18:29:52
324,PMC2768214,1,raghu-achukola,2017-07-17 15:42:23
325,PMC2768214,1,shruthikrish,2017-07-17 18:41:52
326,PMC5372024,1,raghu-achukola,2017-07-17 15:45:00
327,PMC5372024,1,mrcyndns,2017-07-17 20:26:57
328,PMC4274470,1,mjsong1201,2017-07-18 10:00:22
329,PMC4274470,1,raghu-achukola,2017-07-18 10:34:27
330,PMC3505860,1,raghu-achukola,2017-07-18 10:41:09
331,PMC3505860,1,skshenoy,2017-07-18 13:55:04
332,PMC3088754,1,raghu-achukola,2017-07-18 10:48:20
333,PMC3088754,1,mjsong1201,2017-07-18 14:08:04
334,PMC5077509,1,raghu-achukola,2017-07-18 10:50:08
335,PMC5077509,1,mjsong1201,2017-07-18 16:42:19
336,PMC4595364,1,raghu-achukola,2017-07-18 10:51:24
337,PMC4595364,1,mjsong1201,2017-07-18 16:58:11
338,PMC4651396,1,raghu-achukola,2017-07-18 10:54:14
339,PMC4651396,1,mjsong1201,2017-07-18 17:09:30
340,PMC2978351,1,raghu-achukola,2017-07-18 11:01:55
341,PMC2978351,1,mjsong1201,2017-07-18 17:35:33
342,PMC5013290,1,raghu-achukola,2017-07-18 13:13:20
343,PMC5013290,1,jcsick,2017-07-18 18:26:59
344,PMC3613708,1,jcsick,2017-07-18 18:57:44
345,PMC3613708,1,shruthikrish,2017-07-19 11:52:11
346,PMC4616535,1,shruthikrish,2017-07-19 13:18:41
347,PMC4616535,1,brentbiglin,2017-07-19 17:43:50
348,PMC4901572,1,brentbiglin,2017-07-20 09:57:45
349,PMC4901572,1,shruthikrish,2017-07-20 10:33:52
350,PMC4295040,1,brentbiglin,2017-07-20 10:08:16
351,PMC4295040,1,shruthikrish,2017-07-20 10:44:05
352,PMC5039120,1,brentbiglin,2017-07-20 10:47:56
353,PMC5039120,1,shruthikrish,2017-07-20 11:01:04
354,PMC4345638,1,shruthikrish,2017-07-20 11:24:49
355,PMC4345638,1,brentbiglin,2017-07-20 16:24:44
356,PMC5092513,1,brentbiglin,2017-07-20 16:40:50
357,PMC5092513,1,raghu-achukola,2017-07-21 05:12:21
358,PMC2529246,1,brentbiglin,2017-07-20 16:44:00
359,PMC2529246,1,mjsong1201,2017-07-21 10:26:07
360,PMC3531927,1,brentbiglin,2017-07-21 11:02:02
361,PMC3531927,1,mjsong1201,2017-07-21 11:37:15
362,PMC5091022,1,brentbiglin,2017-07-21 11:08:21
363,PMC5091022,1,mjsong1201,2017-07-21 11:44:29
364,PMC5339929,1,shruthikrish,2017-07-21 12:03:24
365,PMC5339929,1,mjsong1201,2017-07-21 12:16:26
366,PMC4683424,1,mjsong1201,2017-07-21 12:24:28
367,PMC4683424,1,shruthikrish,2017-07-21 12:24:57
368,PMC5457832,1,raghu-achukola,2017-07-24 01:30:28
369,PMC5457832,1,mrcyndns,2017-07-24 20:46:38
370,PMC5080194,1,raghu-achukola,2017-07-24 01:31:31
371,PMC5080194,1,mrcyndns,2017-07-24 20:56:05
372,PMC3638180,1,raghu-achukola,2017-07-24 01:44:53
373,PMC3638180,1,LuculentDig,2017-07-25 10:00:12
374,PMC3879235,1,raghu-achukola,2017-07-24 03:01:24
375,PMC3879235,1,jcsick,2017-07-25 10:09:04
376,PMC5460738,1,raghu-achukola,2017-07-25 01:30:59
377,PMC5460738,1,LuculentDig,2017-07-25 10:11:42
378,PMC4694603,1,raghu-achukola,2017-07-25 01:33:54
379,PMC4694603,1,shruthikrish,2017-07-25 10:37:13
380,PMC3848925,1,raghu-achukola,2017-07-25 01:36:33
381,PMC3848925,1,jcsick,2017-07-25 10:40:41
382,PMC3773590,1,raghu-achukola,2017-07-25 01:46:37
383,PMC3773590,1,shruthikrish,2017-07-25 10:43:40
384,PMC4027884,1,raghu-achukola,2017-07-25 01:52:30
385,PMC4027884,1,shruthikrish,2017-07-25 10:58:31
386,PMC4147629,1,raghu-achukola,2017-07-25 02:12:41
387,PMC4147629,1,jcsick,2017-07-25 11:05:48
388,PMC3698303,1,raghu-achukola,2017-07-25 02:14:38
389,PMC3698303,1,jcsick,2017-07-25 11:22:05
390,PMC5109890,1,shruthikrish,2017-07-25 11:35:35
391,PMC5109890,1,brentbiglin,2017-07-25 16:40:09
392,PMC3220261,1,brentbiglin,2017-07-25 17:02:46
393,PMC3220261,1,shruthikrish,2017-07-26 10:47:57
394,PMC4832950,1,brentbiglin,2017-07-25 17:18:42
395,PMC4832950,1,shruthikrish,2017-07-26 10:59:28
396,PMC4389529,1,shruthikrish,2017-07-26 11:27:14
397,PMC4389529,1,mjsong1201,2017-07-28 14:58:48
398,PMC3529531,1,shruthikrish,2017-07-27 19:30:05
399,PMC3529531,1,mjsong1201,2017-07-28 15:19:35
400,PMC5113931,1,shruthikrish,2017-07-28 14:13:57
401,PMC5113931,1,mrcyndns,2017-07-28 15:37:26
402,PMC2816832,1,shruthikrish,2017-07-28 14:35:06
403,PMC2816832,1,mrcyndns,2017-07-28 16:17:11
404,PMC5079881,1,shruthikrish,2017-07-28 15:06:26
405,PMC5079881,1,mrcyndns,2017-07-28 16:34:58
406,PMC4057327,1,mrcyndns,2017-07-29 14:21:00
407,PMC4057327,1,shruthikrish,2017-07-29 20:50:52
408,PMC4401865,1,shruthikrish,2017-07-30 10:09:08
409,PMC4401865,1,jcsick,2017-07-31 15:07:18
410,PMC3619072,1,shruthikrish,2017-07-30 10:37:50
411,PMC3619072,1,jcsick,2017-07-31 15:45:15
412,PMC3992336,1,shruthikrish,2017-07-30 10:50:28
413,PMC3992336,1,mrcyndns,2017-07-31 17:50:35
414,PMC5078256,1,shruthikrish,2017-07-30 14:25:06
415,PMC5078256,1,mrcyndns,2017-07-31 18:09:55
416,PMC3193002,1,shruthikrish,2017-07-30 14:29:22
417,PMC3193002,1,mrcyndns,2017-07-31 18:18:58
418,PMC3693047,1,shruthikrish,2017-07-30 19:05:44
419,PMC3693047,1,mrcyndns,2017-08-01 10:13:37
420,PMC5027708,1,shruthikrish,2017-07-30 22:45:47
421,PMC5027708,1,brentbiglin,2017-08-01 10:13:42
422,PMC4521653,1,shruthikrish,2017-08-01 10:08:49
423,PMC4521653,1,brentbiglin,2017-08-01 10:21:04
424,PMC4660459,1,mjsong1201,2017-08-01 10:25:01
425,PMC4660459,1,brentbiglin,2017-08-01 17:49:00
426,PMC3589787,1,mjsong1201,2017-08-01 12:07:57
427,PMC3589787,1,brentbiglin,2017-08-01 18:06:18
428,PMC4635843,1,shruthikrish,2017-08-02 09:44:25
429,PMC4635843,1,mjsong1201,2017-08-04 16:32:29
430,PMC3808809,1,shruthikrish,2017-08-03 10:18:32
431,PMC3808809,1,mjsong1201,2017-08-04 16:34:19
432,PMC4366701,1,shruthikrish,2017-08-03 10:41:33
433,PMC4366701,1,mjsong1201,2017-08-04 16:46:39
434,PMC3794081,1,shruthikrish,2017-08-04 13:18:54
435,PMC3794081,1,jcsick,2017-08-06 14:55:15
436,PMC4163596,1,shruthikrish,2017-08-04 13:26:06
437,PMC4163596,1,mjsong1201,2017-08-06 15:47:45
438,PMC3277442,1,shruthikrish,2017-08-04 14:05:31
439,PMC3277442,1,mjsong1201,2017-08-06 16:01:24
440,PMC3722356,1,brentbiglin,2017-08-07 15:54:01
441,PMC3722356,1,jcsick,2017-08-07 16:23:27
442,PMC4701115,1,jcsick,2017-08-07 17:02:28
443,PMC4701115,1,brentbiglin,2017-08-07 17:17:02
444,PMC4163634,1,brentbiglin,2017-08-07 17:24:55
445,PMC4163634,1,mrcyndns,2017-08-07 20:06:59
446,PMC4269546,1,mjsong1201,2017-08-08 10:15:08
447,PMC4269546,1,LuculentDig,2017-08-08 10:44:15
448,PMC2958345,1,shruthikrish,2017-08-08 13:25:28
449,PMC2958345,1,brentbiglin,2017-08-08 14:32:12
450,PMC5016904,1,shruthikrish,2017-08-08 13:36:06
451,PMC5016904,1,brentbiglin,2017-08-08 14:37:52
452,PMC5293859,1,shruthikrish,2017-08-08 14:00:32
453,PMC5293859,1,mjsong1201,2017-08-08 14:45:00
454,PMC4878562,1,shruthikrish,2017-08-08 14:19:16
455,PMC4878562,1,mjsong1201,2017-08-08 14:53:32
456,PMC3894438,1,shruthikrish,2017-08-09 09:22:28
457,PMC3894438,1,mrcyndns,2017-08-09 14:09:15
458,PMC5045054,1,shruthikrish,2017-08-09 09:43:06
459,PMC5045054,1,mjsong1201,2017-08-10 15:45:29
460,PMC3385584,1,shruthikrish,2017-08-10 10:12:56
461,PMC3385584,1,mjsong1201,2017-08-10 17:53:00
462,PMC4453642,1,shruthikrish,2017-08-10 11:00:06
463,PMC4453642,1,mjsong1201,2017-08-10 18:33:49
464,PMC4756880,1,mjsong1201,2017-08-10 18:41:13
465,PMC4756880,1,shruthikrish,2017-08-11 09:38:34
466,PMC4272966,1,mjsong1201,2017-08-10 18:43:07
467,PMC4272966,1,shruthikrish,2017-08-11 09:45:45
468,PMC2967174,1,mjsong1201,2017-08-10 18:46:13
469,PMC2967174,1,mrcyndns,2017-08-11 13:30:28
470,PMC4396969,1,mjsong1201,2017-08-10 18:47:04
471,PMC4396969,1,mrcyndns,2017-08-11 13:34:56
472,PMC3104442,1,mjsong1201,2017-08-10 19:43:17
473,PMC3104442,1,mrcyndns,2017-08-14 11:54:40
474,PMC4926320,1,mjsong1201,2017-08-10 19:51:00
475,PMC4926320,1,mrcyndns,2017-08-14 12:17:19
476,PMC5121195,1,mjsong1201,2017-08-10 19:53:19
477,PMC5121195,1,mrcyndns,2017-08-14 12:25:06
478,PMC2518490,1,mjsong1201,2017-08-10 19:54:31
479,PMC2518490,1,mrcyndns,2017-08-14 12:32:15
480,PMC4918392,1,mjsong1201,2017-08-13 23:14:34
481,PMC4918392,1,shruthikrish,2017-08-14 18:53:19
482,PMC5352835,1,mjsong1201,2017-08-13 23:25:47
483,PMC5352835,1,mrcyndns,2017-08-15 11:22:59
484,PMC4414101,1,mjsong1201,2017-08-13 23:26:46
485,PMC4414101,1,shruthikrish,2017-08-15 15:02:00
486,PMC4976685,1,mjsong1201,2017-08-13 23:51:09
487,PMC4976685,1,shruthikrish,2017-08-15 15:43:34
488,PMC3049466,1,mjsong1201,2017-08-14 00:08:03
489,PMC3049466,1,shruthikrish,2017-08-15 16:28:34
490,PMC4888764,1,mjsong1201,2017-08-14 18:28:07
491,PMC4888764,1,brentbiglin,2017-08-21 15:57:44
492,PMC3384081,1,mjsong1201,2017-08-14 18:41:05
493,PMC3384081,1,brentbiglin,2017-08-21 16:22:43
494,PMC4396889,1,mjsong1201,2017-08-14 23:24:23
495,PMC4396889,1,brentbiglin,2017-08-21 17:26:20
496,PMC5478307,1,mjsong1201,2017-08-14 23:26:56
497,PMC5478307,1,shruthikrish,2017-08-22 10:15:21
498,PMC4956186,1,mjsong1201,2017-08-14 23:52:44
499,PMC4956186,1,shruthikrish,2017-08-23 10:43:04
500,PMC4718351,1,shruthikrish,2017-08-23 11:36:14
501,PMC4718351,1,mjsong1201,2017-08-23 16:05:13
502,PMC3084562,1,mjsong1201,2017-08-23 16:26:57
503,PMC3084562,1,shruthikrish,2017-08-27 12:56:27
504,PMC4230620,1,mjsong1201,2017-08-23 16:40:10
505,PMC4230620,1,brentbiglin,2017-08-31 13:04:58
506,PMC4524268,1,mjsong1201,2017-08-23 17:26:57
507,PMC4524268,1,jcsick,2017-09-15 10:37:41
508,PMC5419665,1,mjsong1201,2017-08-23 17:39:46
509,PMC5419665,1,brentbiglin,2017-09-15 12:00:03
510,PMC4644012,1,mjsong1201,2017-08-23 17:53:43
511,PMC4644012,1,raghu-achukola,2017-09-22 10:07:49
512,PMC3870176,1,mjsong1201,2017-08-24 14:37:56
513,PMC3870176,1,jcsick,2017-09-22 10:11:19
514,PMC5244966,1,mjsong1201,2017-08-24 14:50:29
515,PMC5244966,1,jcsick,2017-09-22 10:39:20
516,PMC3251324,1,mjsong1201,2017-08-24 15:14:14
517,PMC3251324,1,raghu-achukola,2017-09-22 10:40:27
518,PMC3865466,1,mjsong1201,2017-08-24 16:02:47
519,PMC3865466,1,jcsick,2017-09-22 11:07:41
520,PMC5099213,1,mjsong1201,2017-08-24 17:10:51
521,PMC5099213,1,brentbiglin,2017-09-24 11:33:28
522,PMC3142024,1,mjsong1201,2017-08-30 15:46:20
523,PMC3142024,1,jcsick,2017-09-24 14:48:28
524,PMC5293856,1,mjsong1201,2017-08-30 16:37:45
525,PMC5293856,1,jcsick,2017-09-24 15:09:41
526,PMC5220168,1,mjsong1201,2017-08-30 16:41:31
527,PMC5220168,1,jcsick,2017-09-24 15:34:23
528,PMC5390806,1,mjsong1201,2017-08-31 17:07:38
529,PMC5390806,1,brentbiglin,2017-09-29 10:34:27
530,PMC3202792,1,mjsong1201,2017-08-31 17:24:48
531,PMC3202792,1,rajat-ahuja1997,2017-09-29 11:59:54
532,PMC5390613,1,mjsong1201,2017-09-15 10:32:25
533,PMC5390613,1,jackchristen,2017-09-29 12:00:03
534,PMC1635254,1,mjsong1201,2017-09-15 13:31:02
535,PMC1635254,1,realrichardparker,2017-09-29 12:00:12
536,PMC5115206,1,mjsong1201,2017-09-15 15:19:34
537,PMC5115206,1,jaskiratsingh23,2017-09-29 12:00:17
538,PMC5143777,1,mjsong1201,2017-09-15 15:23:43
539,PMC5143777,1,jlcohoon,2017-09-29 12:00:21
540,PMC4819867,1,mjsong1201,2017-09-15 15:47:01
541,PMC4819867,1,v4lakers,2017-09-29 12:00:22
542,PMC3223056,1,mjsong1201,2017-09-15 16:28:31
543,PMC3223056,1,ppseguel,2017-09-29 12:00:24
544,PMC4567233,1,mjsong1201,2017-09-15 18:03:45
545,PMC4567233,1,vsancana,2017-09-29 12:00:27
546,PMC3611058,1,mjsong1201,2017-09-22 10:13:55
547,PMC3611058,1,sahilshahh,2017-09-29 12:00:27
548,PMC3483332,1,mjsong1201,2017-09-22 10:15:43
549,PMC3483332,1,aphung,2017-09-29 12:00:30
550,PMC3891859,1,mjsong1201,2017-09-22 10:21:47
551,PMC3891859,1,henryrossiter,2017-09-29 12:00:31
552,PMC4840189,1,mjsong1201,2017-09-22 10:32:57
553,PMC4840189,1,anneclarisse,2017-09-29 12:00:34
554,PMC4286759,1,mjsong1201,2017-09-22 10:36:45
555,PMC4286759,1,adhikariashok,2017-09-29 12:00:37
556,PMC5300861,1,mjsong1201,2017-09-22 10:49:04
557,PMC5300861,1,jasleen29,2017-09-29 12:00:38
558,PMC4634381,1,mjsong1201,2017-09-22 10:54:04
559,PMC4634381,1,sehreenali,2017-09-29 12:00:41
560,PMC3278723,1,mjsong1201,2017-09-22 11:25:29
561,PMC3278723,1,sonakshigarg23,2017-09-29 12:01:03
562,PMC5271396,1,mjsong1201,2017-09-22 11:42:35
563,PMC5271396,1,courtneybroderick,2017-09-29 12:01:04
564,PMC3794438,1,mjsong1201,2017-09-22 15:08:15
565,PMC3794438,1,vsanchana,2017-09-29 12:01:11
566,PMC4900387,1,mjsong1201,2017-09-22 15:20:19
567,PMC4900387,1,yashkar,2017-09-29 12:01:25
568,PMC4162729,1,mjsong1201,2017-09-22 15:25:39
569,PMC4162729,1,christytjoe,2017-09-29 12:01:33
570,PMC4553351,1,mjsong1201,2017-09-22 15:34:57
571,PMC4553351,1,ankimnguyen,2017-09-29 12:02:17
572,PMC4531765,1,mjsong1201,2017-09-22 15:41:31
573,PMC4531765,1,w1001766,2017-09-29 12:02:56
574,PMC5345418,1,mjsong1201,2017-09-22 15:56:12
575,PMC5345418,1,brentbiglin,2017-09-30 11:07:24
576,PMC4968915,1,mjsong1201,2017-09-22 16:35:24
577,PMC4968915,1,brentbiglin,2017-09-30 11:27:22
578,PMC3769723,1,mjsong1201,2017-09-22 21:37:13
579,PMC3769723,1,mrcyndns,2017-09-30 17:51:44
580,PMC4310345,1,mjsong1201,2017-09-26 11:07:08
581,PMC4310345,1,carsonbrown19,2017-10-02 08:51:19
582,PMC5015293,1,mjsong1201,2017-09-26 11:25:32
583,PMC5015293,1,oceanwall,2017-10-03 18:13:12
584,PMC4411514,1,mjsong1201,2017-09-26 13:59:45
585,PMC4411514,1,carsonbrown19,2017-10-06 10:06:15
586,PMC4213703,1,mjsong1201,2017-09-29 10:13:15
587,PMC4213703,1,sahilshahh,2017-10-06 10:20:28
588,PMC3467590,1,mjsong1201,2017-09-29 10:47:28
589,PMC3467590,1,vsanchana,2017-10-06 10:23:03
590,PMC3792197,1,mjsong1201,2017-09-29 10:57:46
591,PMC3792197,1,oceanwall,2017-10-06 10:26:06
592,PMC3479700,1,mjsong1201,2017-09-29 11:03:03
593,PMC3479700,1,jcsick,2017-10-06 10:38:54
594,PMC4354499,1,mjsong1201,2017-09-29 11:05:43
595,PMC4354499,1,realrichardparker,2017-10-06 10:41:11
596,PMC3085624,1,mjsong1201,2017-09-29 11:23:47
597,PMC3085624,1,evelynkue,2017-10-06 10:41:39
598,PMC4654549,1,mjsong1201,2017-09-29 11:31:19
599,PMC4654549,1,jackchristen,2017-10-06 10:41:44
600,PMC2992565,1,mjsong1201,2017-09-29 11:47:48
601,PMC2992565,1,ankimnguyen,2017-10-06 10:42:34
602,PMC4998785,1,mjsong1201,2017-09-29 11:48:47
603,PMC4998785,1,brentbiglin,2017-10-06 10:43:19
604,PMC3064789,1,mjsong1201,2017-09-29 11:56:31
605,PMC3064789,1,yashkar,2017-10-06 10:46:16
606,PMC4905837,1,mjsong1201,2017-09-29 15:35:10
607,PMC4905837,1,oceanwall,2017-10-06 10:46:17
608,PMC2995975,1,mjsong1201,2017-09-29 15:45:54
609,PMC2995975,1,w1001766,2017-10-06 10:48:08
610,PMC3986336,1,mjsong1201,2017-09-29 15:51:49
611,PMC3986336,1,henryrossiter,2017-10-06 10:50:23
612,PMC3971421,1,mjsong1201,2017-09-29 16:08:15
613,PMC3971421,1,jcsick,2017-10-06 10:52:23
614,PMC3195268,1,mjsong1201,2017-09-29 16:09:45
615,PMC3195268,1,ctjoe,2017-10-06 10:53:25
616,PMC5360659,1,mjsong1201,2017-09-29 16:18:59
617,PMC5360659,1,jaskiratsingh23,2017-10-06 10:55:07
618,PMC5266348,1,mjsong1201,2017-09-29 16:22:00
619,PMC5266348,1,jasleen29,2017-10-06 10:55:37
620,PMC2627193,1,mjsong1201,2017-09-29 16:23:48
621,PMC2627193,1,jcsick,2017-10-06 11:00:08
622,PMC5078571,1,mjsong1201,2017-09-29 16:50:14
623,PMC5078571,1,evelynkue,2017-10-06 11:06:25
624,PMC3203616,1,mjsong1201,2017-09-29 17:20:36
625,PMC3203616,1,realrichardparker,2017-10-06 11:12:39
626,PMC5076493,1,mjsong1201,2017-09-29 17:31:30
627,PMC5076493,1,jcsick,2017-10-06 11:14:20
628,PMC3378868,1,mjsong1201,2017-09-29 17:33:11
629,PMC3378868,1,oceanwall,2017-10-06 11:19:23
630,PMC3013677,1,mjsong1201,2017-10-05 21:27:17
631,PMC3013677,1,carsonbrown19,2017-10-06 11:21:38
632,PMC4551318,1,henryrossiter,2017-10-06 11:27:35
633,PMC4551318,1,jcsick,2017-10-06 11:32:44
634,PMC4414107,1,brentbiglin,2017-10-06 11:33:36
635,PMC4414107,1,sahilshahh,2017-10-06 11:38:45
636,PMC5216147,1,adhikariashok,2017-10-06 12:08:13
637,PMC5216147,1,jackchristen,2017-10-06 13:50:02
638,PMC4733714,1,jackchristen,2017-10-06 14:01:20
639,PMC4733714,1,oceanwall,2017-10-06 21:14:27
640,PMC3148455,1,anneclarisse,2017-10-07 16:49:20
641,PMC3148455,1,oceanwall,2017-10-08 10:59:47
642,PMC4970531,1,anneclarisse,2017-10-07 17:38:39
643,PMC4970531,1,oceanwall,2017-10-08 11:13:04
644,PMC5387955,1,anneclarisse,2017-10-07 18:09:15
645,PMC5387955,1,oceanwall,2017-10-08 11:34:05
646,PMC3408515,1,anneclarisse,2017-10-07 18:44:28
647,PMC3408515,1,oceanwall,2017-10-08 11:55:18
648,PMC4103605,1,oceanwall,2017-10-08 12:13:58
649,PMC4103605,1,mjsong1201,2017-10-08 14:04:36
650,PMC4495251,1,anneclarisse,2017-10-08 15:04:18
651,PMC4495251,1,mjsong1201,2017-10-08 15:07:22
652,PMC5079926,1,mjsong1201,2017-10-08 15:10:02
653,PMC5079926,1,anneclarisse,2017-10-08 15:14:22
654,PMC4912054,1,mjsong1201,2017-10-08 15:11:18
655,PMC4912054,1,w1001766,2017-10-09 12:58:34
656,PMC5020575,1,mjsong1201,2017-10-08 15:32:11
657,PMC5020575,1,jackchristen,2017-10-09 15:33:57
658,PMC4740966,1,mjsong1201,2017-10-08 15:40:38
659,PMC4740966,1,jackchristen,2017-10-09 15:58:54
660,PMC3935165,1,mjsong1201,2017-10-08 16:07:02
661,PMC3935165,1,realrichardparker,2017-10-09 16:07:57
662,PMC4327700,1,mjsong1201,2017-10-08 16:08:01
663,PMC4327700,1,realrichardparker,2017-10-09 16:12:16
664,PMC3595621,1,mjsong1201,2017-10-08 16:19:47
665,PMC3595621,1,realrichardparker,2017-10-09 16:18:31
666,PMC4368859,1,mjsong1201,2017-10-08 21:56:14
667,PMC4368859,1,jackchristen,2017-10-09 16:37:37
668,PMC3859226,1,mjsong1201,2017-10-08 22:06:56
669,PMC3859226,1,jackchristen,2017-10-09 17:03:00
670,PMC3049292,1,mjsong1201,2017-10-09 12:27:34
671,PMC3049292,1,henryrossiter,2017-10-09 19:36:08
672,PMC3148775,1,mjsong1201,2017-10-09 12:39:36
673,PMC3148775,1,carsonbrown19,2017-10-09 21:06:47
674,PMC4566896,1,mjsong1201,2017-10-09 12:50:19
675,PMC4566896,1,carsonbrown19,2017-10-09 21:16:44
676,PMC4441238,1,mjsong1201,2017-10-09 13:17:21
677,PMC4441238,1,carsonbrown19,2017-10-09 21:27:08
678,PMC4987497,1,mjsong1201,2017-10-09 14:00:31
679,PMC4987497,1,carsonbrown19,2017-10-09 21:38:53
680,PMC4453596,1,mjsong1201,2017-10-09 14:16:11
681,PMC4453596,1,carsonbrown19,2017-10-09 21:44:06
682,PMC4075797,1,mjsong1201,2017-10-09 16:43:12
683,PMC4075797,1,evelynkue,2017-10-09 21:58:18
684,PMC4521673,1,mjsong1201,2017-10-09 16:45:46
685,PMC4521673,1,evelynkue,2017-10-09 22:05:54
686,PMC4436784,1,mjsong1201,2017-10-09 16:51:40
687,PMC4436784,1,evelynkue,2017-10-09 22:23:43
688,PMC4957721,1,mjsong1201,2017-10-09 18:03:52
689,PMC4957721,1,carsonbrown19,2017-10-10 11:35:25
690,PMC3337733,1,mjsong1201,2017-10-09 18:15:31
691,PMC3337733,1,carsonbrown19,2017-10-10 11:41:25
692,PMC5055031,1,carsonbrown19,2017-10-10 11:56:43
693,PMC5055031,1,christytjoe,2017-10-10 12:59:54
694,PMC3336542,1,carsonbrown19,2017-10-10 12:01:44
695,PMC3336542,1,christytjoe,2017-10-10 13:29:22
696,PMC2518487,1,carsonbrown19,2017-10-10 12:05:52
697,PMC2518487,1,vsanchana,2017-10-10 15:07:46
698,PMC3276086,1,carsonbrown19,2017-10-10 12:21:33
699,PMC3276086,1,jackchristen,2017-10-10 15:35:29
700,PMC3854406,1,jackchristen,2017-10-10 16:04:39
701,PMC3854406,1,evelynkue,2017-10-11 11:13:14
702,PMC5422734,1,jackchristen,2017-10-10 16:16:11
703,PMC5422734,1,henryrossiter,2017-10-11 14:43:06
704,PMC5300027,1,jackchristen,2017-10-10 16:19:49
705,PMC5300027,1,sahilshahh,2017-10-11 16:17:16
706,PMC4789845,1,jackchristen,2017-10-10 16:42:00
707,PMC4789845,1,brentbiglin,2017-10-11 17:33:48
708,PMC4295086,1,jackchristen,2017-10-11 10:10:03
709,PMC4295086,1,evelynkue,2017-10-11 18:21:59
710,PMC5384723,1,jackchristen,2017-10-11 10:25:21
711,PMC5384723,1,henryrossiter,2017-10-11 19:35:10
712,PMC4061544,1,jackchristen,2017-10-11 10:37:17
713,PMC4061544,1,carsonbrown19,2017-10-11 21:18:34
714,PMC5414721,1,jackchristen,2017-10-11 10:49:29
715,PMC5414721,1,carsonrbown19,2017-10-11 21:25:06
716,PMC4865644,1,jackchristen,2017-10-11 10:56:03
717,PMC4865644,1,carsonbrown19,2017-10-11 21:25:23
718,PMC5421183,1,jackchristen,2017-10-11 11:08:33
719,PMC5421183,1,carsonbrown19,2017-10-11 21:32:23
720,PMC2650971,1,jackchristen,2017-10-11 11:17:19
721,PMC2650971,1,carsonbrown19,2017-10-11 21:42:58
722,PMC3944355,1,jackchristen,2017-10-11 11:32:41
723,PMC3944355,1,carsonbrown19,2017-10-11 21:54:41
724,PMC4935458,1,carsonbrown19,2017-10-12 12:17:43
725,PMC4935458,1,anneclarisse,2017-10-12 13:33:46
726,PMC4280887,1,oceanwall,2017-10-12 14:07:54
727,PMC4280887,1,sahilshahh,2017-10-12 14:59:44
728,PMC2858844,1,oceanwall,2017-10-12 14:34:12
729,PMC2858844,1,sahilshahh,2017-10-12 15:33:53
730,PMC3337072,1,oceanwall,2017-10-12 15:42:56
731,PMC3337072,1,jackchristen,2017-10-12 17:50:05
732,PMC4689249,1,jasleen29,2017-10-12 17:50:41
733,PMC4689249,1,ankimnguyen,2017-10-12 19:48:59
734,PMC2731890,1,jasleen29,2017-10-12 18:57:17
735,PMC2731890,1,evelynkue,2017-10-12 23:12:35
736,PMC4894081,1,christytjoe,2017-10-13 00:45:03
737,PMC4894081,1,realrichardparker,2017-10-13 00:50:47
738,PMC5332056,1,realrichardparker,2017-10-13 01:00:48
739,PMC5332056,1,yashkar,2017-10-13 01:04:52
740,PMC5010335,1,realrichardparker,2017-10-13 01:16:12
741,PMC5010335,1,jackchristen,2017-10-13 10:04:06
742,PMC3280600,1,realrichardparker,2017-10-13 01:20:14
743,PMC3280600,1,sahilshahh,2017-10-13 10:06:02
744,PMC4973335,1,henryrositer,2017-10-13 10:07:26
745,PMC4973335,1,sehreenali,2017-10-13 10:07:48
746,PMC3987317,1,jackchristen,2017-10-13 10:08:25
747,PMC3987317,1,oceanwall,2017-10-13 10:08:41
748,PMC3261729,1,realrichardparker,2017-10-13 10:09:48
749,PMC3261729,1,henryrositer,2017-10-13 10:09:53
750,PMC2768165,1,sonakshigarg23,2017-10-13 10:10:08
751,PMC2768165,1,ppseguel,2017-10-13 10:10:08
752,PMC3339664,1,jackchristen,2017-10-13 10:14:49
753,PMC3339664,1,carsonbrown19,2017-10-13 10:20:22
754,PMC3913674,1,jackchristen,2017-10-13 10:20:04
755,PMC3913674,1,oceanwall,2017-10-13 10:23:06
756,PMC2948376,1,christytjoe,2017-10-13 10:23:19
757,PMC2948376,1,jasleen29,2017-10-13 10:23:52
758,PMC4153526,1,carsonbrown19,2017-10-13 10:27:32
759,PMC4153526,1,anneclarisse,2017-10-13 10:28:21
760,PMC4674517,1,jackchristen,2017-10-13 10:29:36
761,PMC4674517,1,mjsong1201,2017-10-13 10:32:15
762,PMC4554393,1,rajat-ahuja1997,2017-10-13 10:33:15
763,PMC4554393,1,ankimnguyen,2017-10-13 10:37:48
764,PMC3404709,1,carsonbrown19,2017-10-13 10:37:48
765,PMC3404709,1,jasleen29,2017-10-13 10:41:21
766,PMC3717207,1,carsonbrown19,2017-10-13 10:43:48
767,PMC3717207,1,jackchristen,2017-10-13 10:45:17
768,PMC5032163,1,henryrossiter,2017-10-13 10:45:53
769,PMC5032163,1,anneclarisse,2017-10-13 10:46:09
770,PMC5111732,1,mjsong1201,2017-10-13 10:48:16
771,PMC5111732,1,christytjoe,2017-10-13 10:52:11
772,PMC5045956,1,mjsong1201,2017-10-13 10:51:07
773,PMC5045956,1,sahilshahh,2017-10-13 10:56:20
774,PMC4666316,1,mjsong1201,2017-10-13 10:57:41
775,PMC4666316,1,realrichardparker,2017-10-13 11:00:48
776,PMC5089965,1,jackchristen,2017-10-13 11:03:19
777,PMC5089965,1,ppseguel,2017-10-13 11:05:24
778,PMC2386104,1,anneclarisse,2017-10-13 11:05:42
779,PMC2386104,1,oceanwall,2017-10-13 11:05:55
780,PMC5132076,1,mjsong1201,2017-10-13 11:06:18
781,PMC5132076,1,jackchristen,2017-10-13 11:06:53
782,PMC4871932,1,christytjoe,2017-10-13 11:06:56
783,PMC4871932,1,jlcohoon,2017-10-13 11:09:26
784,PMC2626671,1,jcsick,2017-10-13 11:09:51
785,PMC2626671,1,carsonbrown19,2017-10-13 11:12:35
786,PMC3749363,1,sehreenali,2017-10-13 11:16:32
787,PMC3749363,1,courtneybroderick,2017-10-13 11:16:40
788,PMC5253410,1,rajat-ahuja1997,2017-10-13 11:16:40
789,PMC5253410,1,henryrossiter,2017-10-13 11:18:21
790,PMC4327489,1,sahilshahh,2017-10-13 11:21:41
791,PMC4327489,1,ppseguel,2017-10-13 11:22:36
792,PMC5054170,1,carsonbrown19,2017-10-13 11:24:22
793,PMC5054170,1,ankimnguyen,2017-10-13 11:24:34
794,PMC5198113,1,rajat-ahuja1997,2017-10-13 11:26:36
795,PMC5198113,1,courtneybroderick,2017-10-13 11:26:37
796,PMC3906269,1,carsonbrown19,2017-10-13 11:29:19
797,PMC3906269,1,mjsong1201,2017-10-13 11:32:10
798,PMC5381613,1,sonakshigarg23,2017-10-13 11:33:18
799,PMC5381613,1,carsonbrown19,2017-10-13 11:35:01
800,PMC5096036,1,ankimnguyen,2017-10-13 11:37:30
801,PMC5096036,1,henryrossiter,2017-10-13 11:37:32
802,PMC4433477,1,sehreenali,2017-10-13 11:38:20
803,PMC4433477,1,evelynkue,2017-10-13 11:38:52
804,PMC4066774,1,mjsong1201,2017-10-13 11:40:20
805,PMC4066774,1,anneclarisse,2017-10-13 11:41:51
806,PMC2816335,1,ppseguel,2017-10-13 11:52:04
807,PMC2816335,1,anneclarisse,2017-10-13 22:30:46
808,PMC3003812,1,ppseguel,2017-10-13 12:56:45
809,PMC3003812,1,anneclarisse,2017-10-13 22:58:43
810,PMC3948830,1,yashkar,2017-10-13 23:22:57
811,PMC3948830,1,anneclarisse,2017-10-14 00:04:53
812,PMC3259236,1,yashkar,2017-10-13 23:27:06
813,PMC3259236,1,jaskiratsingh23,2017-10-14 04:35:00
814,PMC4214970,1,yashkar,2017-10-13 23:55:27
815,PMC4214970,1,brentbiglin,2017-10-14 14:03:17
816,PMC4994731,1,yashkar,2017-10-14 00:15:10
817,PMC4994731,1,mjsong1201,2017-10-14 15:26:47
818,PMC3630384,1,evelynkue,2017-10-14 16:00:38
819,PMC3630384,1,mjsong1201,2017-10-14 16:25:07
820,PMC3341159,1,mjsong1201,2017-10-14 17:08:48
821,PMC3341159,1,RealRichardParker,2017-10-14 22:02:01
822,PMC4843533,1,mjsong1201,2017-10-14 17:48:26
823,PMC4843533,1,Oceanwall,2017-10-14 22:30:51
824,PMC2703206,1,sehreenali,2017-10-14 23:42:08
825,PMC2703206,1,w1001766,2017-10-15 12:50:24
826,PMC5287318,1,sehreenali,2017-10-15 13:38:28
827,PMC5287318,1,brentbiglin,2017-10-15 14:59:09
828,PMC4201231,1,brentbiglin,2017-10-15 15:18:55
829,PMC4201231,1,sehreenali,2017-10-15 16:47:16
830,PMC4567100,1,sehreenali,2017-10-15 17:16:33
831,PMC4567100,1,Rajat-Ahuja1997,2017-10-15 19:04:14
832,PMC3781445,1,anneclarisse,2017-10-15 19:21:17
833,PMC3781445,1,Rajat-Ahuja1997,2017-10-15 19:37:42
834,PMC4213536,1,anneclarisse,2017-10-15 20:35:29
835,PMC4213536,1,yashkar,2017-10-16 00:00:27
836,PMC3284748,1,anneclarisse,2017-10-15 20:35:33
837,PMC3284748,1,sehreenali,2017-10-16 00:03:49
838,PMC4278978,1,anneclarisse,2017-10-15 20:49:57
839,PMC4278978,1,sehreenali,2017-10-16 00:09:45
840,PMC3475340,1,jaskiratsingh23,2017-10-17 14:18:03
841,PMC3475340,1,courtneybroderick,2017-10-17 15:20:25
842,PMC3064792,1,courtneybroderick,2017-10-17 15:50:23
843,PMC3064792,1,jackchristen,2017-10-17 15:51:19
844,PMC3890344,1,jackchristen,2017-10-17 16:02:18
845,PMC3890344,1,oceanwall,2017-10-17 18:59:35
846,PMC4374707,1,jackchristen,2017-10-17 16:18:53
847,PMC4374707,1,oceanwall,2017-10-17 19:26:58
848,PMC2396796,1,jackchristen,2017-10-17 16:57:22
849,PMC2396796,1,oceanwall,2017-10-17 20:04:42
850,PMC5295802,1,jackchristen,2017-10-17 19:30:38
851,PMC5295802,1,oceanwall,2017-10-17 20:16:30
852,PMC3717584,1,jackchristen,2017-10-17 19:38:51
853,PMC3717584,1,oceanwall,2017-10-17 20:27:03
854,PMC5056957,1,jackchristen,2017-10-17 19:46:45
855,PMC5056957,1,oceanwall,2017-10-17 20:40:21
856,PMC4015203,1,jackchristen,2017-10-17 19:54:48
857,PMC4015203,1,jaskiratsingh23,2017-10-17 21:50:57
858,PMC1474058,1,evelynkue,2017-10-17 22:28:24
859,PMC1474058,1,jaskiratsingh23,2017-10-18 03:21:14
860,PMC5091269,1,evelynkue,2017-10-17 23:09:00
861,PMC5091269,1,anneclarisse,2017-10-18 12:02:41
862,PMC3129971,1,evelynkue,2017-10-18 11:00:17
863,PMC3129971,1,jackchristen,2017-10-18 12:16:24
864,PMC3361002,1,evelynkue,2017-10-18 11:26:20
865,PMC3361002,1,jackchristen,2017-10-18 12:22:06
866,PMC3709529,1,jackchristen,2017-10-18 14:30:19
867,PMC3709529,1,oceanwall,2017-10-18 15:17:55
868,PMC3343305,1,jackchristen,2017-10-18 14:36:20
869,PMC3343305,1,oceanwall,2017-10-18 15:33:47
870,PMC2808580,1,jackchristen,2017-10-18 14:49:18
871,PMC2808580,1,oceanwall,2017-10-18 15:49:51
872,PMC5308478,1,jackchristen,2017-10-18 14:54:50
873,PMC5308478,1,oceanwall,2017-10-18 15:58:37
874,PMC3673637,1,jackchristen,2017-10-18 15:00:40
875,PMC3673637,1,oceanwall,2017-10-18 16:08:59
876,PMC4679799,1,jackchristen,2017-10-18 15:02:45
877,PMC4679799,1,oceanwall,2017-10-18 16:12:32
878,PMC4615379,1,jackchristen,2017-10-18 15:11:52
879,PMC4615379,1,oceanwall,2017-10-18 16:24:07
880,PMC4004840,1,jackchristen,2017-10-18 15:34:40
881,PMC4004840,1,evelynkue,2017-10-18 17:10:56
882,PMC3789839,1,jackchristen,2017-10-18 15:37:55
883,PMC3789839,1,evelynkue,2017-10-18 17:23:40
884,PMC5256350,1,anneclarisse,2017-10-18 19:41:24
885,PMC5256350,1,mjsong1201,2017-10-18 22:14:06
886,PMC1636350,1,anneclarisse,2017-10-18 19:51:08
887,PMC1636350,1,mjsong1201,2017-10-18 22:23:25
888,PMC3181878,1,anneclarisse,2017-10-18 20:35:42
889,PMC3181878,1,henryrossiter,2017-10-19 13:04:49
890,PMC3071219,1,anneclarisse,2017-10-18 20:57:37
891,PMC3071219,1,henryrossiter,2017-10-19 13:34:37
892,PMC5055114,1,anneclarisse,2017-10-18 21:14:03
893,PMC5055114,1,jackchristen,2017-10-19 18:11:14
894,PMC4922354,1,anneclarisse,2017-10-18 21:31:46
895,PMC4922354,1,jackchristen,2017-10-19 18:15:07
896,PMC4714720,1,anneclarisse,2017-10-18 22:00:05
897,PMC4714720,1,jackchristen,2017-10-19 18:28:19
898,PMC5338961,1,anneclarisse,2017-10-18 22:09:53
899,PMC5338961,1,jackchristen,2017-10-19 18:33:49
900,PMC4295041,1,anneclarisse,2017-10-18 22:20:22
901,PMC4295041,1,jackchristen,2017-10-19 18:40:16
902,PMC4210749,1,anneclarisse,2017-10-18 22:26:36
903,PMC4210749,1,jackchristen,2017-10-19 18:49:29
904,PMC4918545,1,anneclarisse,2017-10-18 22:31:09
905,PMC4918545,1,jackchristen,2017-10-19 18:51:42
906,PMC4835540,1,anneclarisse,2017-10-19 00:15:08
907,PMC4835540,1,henryrossiter,2017-10-19 19:37:46
908,PMC3028489,1,anneclarisse,2017-10-19 11:18:48
909,PMC3028489,1,ppseguel,2017-10-19 20:45:52
910,PMC3331006,1,anneclarisse,2017-10-19 11:52:16
911,PMC3331006,1,oceanwall,2017-10-19 21:24:46
912,PMC3691378,1,ppseguel,2017-10-19 21:24:58
913,PMC3691378,1,oceanwall,2017-10-19 21:28:05
914,PMC5314818,1,oceanwall,2017-10-19 21:46:08
915,PMC5314818,1,evelynkue,2017-10-19 22:40:10
916,PMC3674056,1,oceanwall,2017-10-19 22:00:21
917,PMC3674056,1,evelynkue,2017-10-19 22:58:12
918,PMC5149064,1,oceanwall,2017-10-19 22:05:58
919,PMC5149064,1,sehreenali,2017-10-19 23:39:43
920,PMC5111494,1,realrichardparker,2017-10-19 23:52:35
921,PMC5111494,1,jackchristen,2017-10-20 10:05:01
922,PMC3734831,1,realrichardparker,2017-10-20 00:07:41
923,PMC3734831,1,oceanwall,2017-10-20 10:06:16
924,PMC4309330,1,courtneybroderick,2017-10-20 10:07:15
925,PMC4309330,1,sahilshahh,2017-10-20 10:07:50
926,PMC3429821,1,carsonbrown19,2017-10-20 10:08:36
927,PMC3429821,1,evelynkue,2017-10-20 10:09:36
928,PMC5241128,1,anneclarisse,2017-10-20 10:10:26
929,PMC5241128,1,brentbiglin,2017-10-20 10:10:50
930,PMC3020393,1,brentbiglin,2017-10-20 10:12:06
931,PMC3020393,1,ctjoe,2017-10-20 10:12:23
932,PMC4820668,1,jcsick,2017-10-20 10:12:34
933,PMC4820668,1,jackchristen,2017-10-20 10:13:41
934,PMC4023132,1,jameshowison,2017-10-20 10:15:06
935,PMC4023132,1,anneclarisse,2017-10-20 10:17:02
936,PMC3460410,1,jameshowison,2017-10-20 10:16:33
937,PMC3460410,1,adhikariashok,2017-10-20 10:19:58
938,PMC3593214,1,carsonbrown19,2017-10-20 10:20:20
939,PMC3593214,1,jackchristen,2017-10-20 10:21:21
940,PMC5476471,1,henryrossiter,2017-10-20 10:26:43
941,PMC5476471,1,carsonbrown19,2017-10-20 10:27:13
942,PMC4409168,1,vsanchana,2017-10-20 10:28:54
943,PMC4409168,1,jameshowison,2017-10-20 10:30:49
944,PMC3030791,1,vsanchana,2017-10-20 10:33:09
945,PMC3030791,1,mjsong1201,2017-10-20 10:33:11
946,PMC3768955,1,ppseguel,2017-10-20 10:34:19
947,PMC3768955,1,ctjoe,2017-10-20 10:35:52
948,PMC5216448,1,jackchristen,2017-10-20 10:35:59
949,PMC5216448,1,evelynkue,2017-10-20 10:36:47
950,PMC4976915,1,courtneybroderick,2017-10-20 10:37:03
951,PMC4976915,1,carsonbrown19,2017-10-20 10:37:31
952,PMC4380950,1,mjsong1201,2017-10-20 10:40:49
953,PMC4380950,1,sahilshahh,2017-10-20 10:43:15
954,PMC1540729,1,carsonbrown19,2017-10-20 10:44:24
955,PMC1540729,1,jcsick,2017-10-20 10:48:50
956,PMC4062317,1,mjsong1201,2017-10-20 10:49:37
957,PMC4062317,1,sehreenali,2017-10-20 10:50:50
958,PMC4610773,1,jaskiratsingh23,2017-10-20 10:53:42
959,PMC4610773,1,carsonbrown19,2017-10-20 10:54:45
960,PMC3229071,1,ankimnguyen,2017-10-20 10:54:57
961,PMC3229071,1,sahilshahh,2017-10-20 10:59:05
962,PMC2742187,1,oceanwall,2017-10-20 11:01:18
963,PMC2742187,1,jackchristen,2017-10-20 11:01:37
964,PMC3506820,1,henryrossiter,2017-10-20 11:02:26
965,PMC3506820,1,ankimnguyen,2017-10-20 11:03:23
966,PMC3727320,1,courtneybroderick,2017-10-20 11:04:57
967,PMC3727320,1,carsonbrown19,2017-10-20 11:05:53
968,PMC4800885,1,jaskiratsingh23,2017-10-20 11:06:18
969,PMC4800885,1,sahilshahh,2017-10-20 11:07:36
970,PMC5256325,1,ppseguel,2017-10-20 11:08:47
971,PMC5256325,1,henryrossiter,2017-10-20 11:16:22
972,PMC5078595,1,ankimnguyen,2017-10-20 11:17:15
973,PMC5078595,1,vsanchana,2017-10-20 11:17:32
974,PMC2895706,1,jcsick,2017-10-20 11:21:56
975,PMC2895706,1,ppseguel,2017-10-20 11:23:50
976,PMC5147391,1,jackchristen,2017-10-20 11:24:10
977,PMC5147391,1,evelynkue,2017-10-20 11:24:10
978,PMC4404937,1,jackchristen,2017-10-20 11:25:28
979,PMC4404937,1,carsonbrown19,2017-10-20 11:27:06
980,PMC3040438,1,evelynkue,2017-10-20 11:27:26
981,PMC3040438,1,oceanwall,2017-10-20 11:27:48
982,PMC2034468,1,carsonbrown19,2017-10-20 11:30:58
983,PMC2034468,1,brentbiglin,2017-10-20 11:31:07
984,PMC4677704,1,jackchristen,2017-10-20 11:33:19
985,PMC4677704,1,carsonbrown19,2017-10-20 11:35:45
986,PMC2596709,1,jackchristen,2017-10-20 11:36:02
987,PMC2596709,1,realrichardparker,2017-10-20 11:37:29
988,PMC3281721,1,jackchristen,2017-10-20 11:39:34
989,PMC3281721,1,realrichardparker,2017-10-20 11:40:06
990,PMC5019270,1,oceanwall,2017-10-20 11:40:14
991,PMC5019270,1,sehreenali,2017-10-20 11:40:47
992,PMC4412331,1,vsanchana,2017-10-20 11:46:44
993,PMC4412331,1,meganpearson,2017-10-20 11:53:49
994,PMC4025442,1,henryrossiter,2017-10-20 11:54:02
995,PMC4025442,1,ppseguel,2017-10-20 11:54:48
996,PMC2975003,1,ppseguel,2017-10-20 13:14:03
997,PMC2975003,1,oceanwall,2017-10-20 16:59:43
998,PMC5106397,1,oceanwall,2017-10-20 17:05:30
999,PMC5106397,1,evelynkue,2017-10-21 11:31:32
1000,PMC3020584,1,evelynkue,2017-10-21 12:08:23
1001,PMC3020584,1,Rajat-Ahuja1997,2017-10-21 16:34:20
1002,PMC3024503,1,rajat-ahuja1997,2017-10-21 17:01:45
1003,PMC3024503,1,henryrossiter,2017-10-21 18:37:12
1004,PMC3179381,1,rajat-ahuja1997,2017-10-21 18:15:56
1005,PMC3179381,1,henryrossiter,2017-10-21 18:55:45
1006,PMC5073050,1,oceanwall,2017-10-21 22:54:40
1007,PMC5073050,1,henryrossiter,2017-10-22 10:27:02
1008,PMC3881628,1,oceanwall,2017-10-21 23:25:26
1009,PMC3881628,1,evelynkue,2017-10-22 14:08:14
1010,PMC1849898,1,oceanwall,2017-10-21 23:28:44
1011,PMC1849898,1,evelynkue,2017-10-22 14:08:21
1012,PMC5329793,1,oceanwall,2017-10-21 23:40:50
1013,PMC5329793,1,henryrossiter,2017-10-22 18:23:20
1014,PMC4951474,1,henryrossiter,2017-10-22 18:45:49
1015,PMC4951474,1,brentbiglin,2017-10-22 19:34:08
1016,PMC2367720,1,yashkar,2017-10-22 19:38:05
1017,PMC2367720,1,oceanwall,2017-10-22 21:47:47
1018,PMC4225645,1,yashkar,2017-10-22 19:49:12
1019,PMC4225645,1,oceanwall,2017-10-22 22:08:08
1020,PMC5080640,1,yashkar,2017-10-22 19:53:59
1021,PMC5080640,1,oceanwall,2017-10-22 22:20:30
1022,PMC4101108,1,yashkar,2017-10-22 19:57:08
1023,PMC4101108,1,oceanwall,2017-10-22 22:29:36
1024,PMC2808573,1,oceanwall,2017-10-22 22:32:40
1025,PMC2808573,1,evelynkue,2017-10-22 22:46:54
1026,PMC3460214,1,ppseguel,2017-10-22 22:52:34
1027,PMC3460214,1,rajat-ahuja1997,2017-10-23 00:11:03
1028,PMC3494016,1,ppseguel,2017-10-22 22:56:26
1029,PMC3494016,1,rajat-ahuja1997,2017-10-23 00:18:12
1030,PMC4544809,1,sehreenali,2017-10-23 02:05:07
1031,PMC4544809,1,henryrossiter,2017-10-23 12:25:33
1032,PMC3011172,1,rajat-ahuja1997,2017-10-23 14:33:41
1033,PMC3011172,1,evelynkue,2017-10-23 17:15:42
1034,PMC4314705,1,rajat-ahuja1997,2017-10-23 14:54:09
1035,PMC4314705,1,jcsick,2017-10-23 17:18:14
1036,PMC5360432,1,evelynkue,2017-10-23 17:24:39
1037,PMC5360432,1,jcsick,2017-10-23 17:38:22
1038,PMC2886355,1,jackchristen,2017-10-23 19:05:27
1039,PMC2886355,1,henryrossiter,2017-10-23 22:42:05
1040,PMC3866316,1,jackchristen,2017-10-23 19:42:26
1041,PMC3866316,1,evelynkue,2017-10-23 23:11:48
1042,PMC5419106,1,jackchristen,2017-10-23 19:45:39
1043,PMC5419106,1,evelynkue,2017-10-24 11:45:14
1044,PMC5386927,1,jackchristen,2017-10-24 11:09:08
1045,PMC5386927,1,mjsong1201,2017-10-24 17:17:52
1046,PMC4306576,1,jackchristen,2017-10-24 11:17:06
1047,PMC4306576,1,jcsick,2017-10-24 18:13:12
1048,PMC4437485,1,jackchristen,2017-10-24 11:25:31
1049,PMC4437485,1,jcsick,2017-10-24 18:36:15
1050,PMC5019152,1,oceanwall,2017-10-24 21:40:46
1051,PMC5019152,1,henryrossiter,2017-10-25 09:48:35
1052,PMC3285716,1,oceanwall,2017-10-24 22:18:28
1053,PMC3285716,1,realrichardparker,2017-10-25 10:40:46
1054,PMC4012374,1,oceanwall,2017-10-24 22:30:35
1055,PMC4012374,1,henryrossiter,2017-10-25 12:14:23
1056,PMC4134488,1,oceanwall,2017-10-24 22:44:32
1057,PMC4134488,1,jasleen29,2017-10-26 14:02:32
1058,PMC3944114,1,oceanwall,2017-10-24 22:47:56
1059,PMC3944114,1,jasleen29,2017-10-26 14:36:45
1060,PMC2716555,1,jasleen29,2017-10-26 15:07:33
1061,PMC2716555,1,henryrossiter,2017-10-26 17:05:45
1062,PMC4064952,1,jasleen29,2017-10-26 15:27:44
1063,PMC4064952,1,henryrossiter,2017-10-26 17:20:30
1064,PMC3216544,1,jackchristen,2017-10-26 18:34:02
1065,PMC3216544,1,realrichardparker,2017-10-26 21:27:06
1066,PMC3114242,1,jackchristen,2017-10-26 18:37:18
1067,PMC3114242,1,realrichardparker,2017-10-26 21:33:08
1068,PMC3408540,1,realrichardparker,2017-10-27 10:12:44
1069,PMC3408540,1,oceanwall,2017-10-27 10:12:53
1070,PMC5291565,1,jasleen29,2017-10-27 10:12:54
1071,PMC5291565,1,jcsick,2017-10-27 10:12:55
1072,PMC3768679,1,jackchristen,2017-10-27 10:12:55
1073,PMC3768679,1,henryrossiter,2017-10-27 10:13:09
1074,PMC4198632,1,ctjoe,2017-10-27 10:13:17
1075,PMC4198632,1,sahilshahh,2017-10-27 10:13:44
1076,PMC4923836,1,carsonbrown19,2017-10-27 10:13:46
1077,PMC4923836,1,brentbiglin,2017-10-27 10:14:38
1078,PMC3289777,1,sehreenali,2017-10-27 10:18:43
1079,PMC3289777,1,ankimnguyen,2017-10-27 10:18:54
1080,PMC2927939,1,realrichardparker,2017-10-27 10:22:17
1081,PMC2927939,1,jackchristen,2017-10-27 10:24:14
1082,PMC2852811,1,w1001766,2017-10-27 10:25:18
1083,PMC2852811,1,jcsick,2017-10-27 10:25:19
1084,PMC5107630,1,carsonbrown19,2017-10-27 10:25:31
1085,PMC5107630,1,jasleen29,2017-10-27 10:25:52
1086,PMC3243086,1,oceanwall,2017-10-27 10:26:10
1087,PMC3243086,1,carsonbrown19,2017-10-27 10:28:24
1088,PMC4097343,1,jasleen29,2017-10-27 10:29:01
1089,PMC4097343,1,brentbiglin,2017-10-27 10:30:01
1090,PMC3146002,1,carsonbrown19,2017-10-27 10:31:12
1091,PMC3146002,1,oceanwall,2017-10-27 10:32:41
1092,PMC4832390,1,jasleen29,2017-10-27 10:32:51
1093,PMC4832390,1,carsonbrown19,2017-10-27 10:33:54
1094,PMC4286908,1,jaskiratsingh23,2017-10-27 10:34:46
1095,PMC4286908,1,jcsick,2017-10-27 10:34:51
1096,PMC4854981,1,oceanwall,2017-10-27 10:36:13
1097,PMC4854981,1,ankimnguyen,2017-10-27 10:37:13
1098,PMC4859379,1,sonakshigarg23,2017-10-27 10:38:42
1099,PMC4859379,1,carsonbrown19,2017-10-27 10:39:43
1100,PMC3793542,1,realrichardparker,2017-10-27 10:42:38
1101,PMC3793542,1,carsonbrown19,2017-10-27 10:43:54
1102,PMC3810665,1,jcsick,2017-10-27 10:44:50
1103,PMC3810665,1,oceanwall,2017-10-27 10:45:03
1104,PMC4597539,1,brentbiglin,2017-10-27 10:45:47
1105,PMC4597539,1,ctjoe,2017-10-27 10:45:48
1106,PMC3552537,1,jackchristen,2017-10-27 10:47:26
1107,PMC3552537,1,henryrossiter,2017-10-27 10:47:34
1108,PMC4040663,1,carsonbrown19,2017-10-27 10:49:03
1109,PMC4040663,1,sahilshahh,2017-10-27 10:49:28
1110,PMC5181807,1,jackchristen,2017-10-27 10:53:35
1111,PMC5181807,1,realrichardparker,2017-10-27 10:54:11
1112,PMC4475471,1,ctjoe,2017-10-27 10:54:44
1113,PMC4475471,1,carsonbrown19,2017-10-27 10:54:58
1114,PMC5193284,1,ankimnguyen,2017-10-27 10:55:27
1115,PMC5193284,1,brentbiglin,2017-10-27 10:57:59
1116,PMC4863535,1,meganpearson,2017-10-27 10:58:20
1117,PMC4863535,1,oceanwall,2017-10-27 11:00:54
1118,PMC4450657,1,henryrossiter,2017-10-27 11:03:34
1119,PMC4450657,1,ankimnguyen,2017-10-27 11:04:27
1120,PMC5367605,1,brentbiglin,2017-10-27 11:06:05
1121,PMC5367605,1,jcsick,2017-10-27 11:06:41
1122,PMC2831247,1,jackchristen,2017-10-27 11:06:45
1123,PMC2831247,1,v4lakers,2017-10-27 11:08:20
1124,PMC5036242,1,carsonbrown19,2017-10-27 11:09:30
1125,PMC5036242,1,oceanwall,2017-10-27 11:11:52
1126,PMC4183043,1,jackchristen,2017-10-27 11:12:46
1127,PMC4183043,1,jasleen29,2017-10-27 11:12:46
1128,PMC3406768,1,jaskiratsingh23,2017-10-27 11:14:35
1129,PMC3406768,1,realrichardparker,2017-10-27 11:15:14
1130,PMC3114353,1,ankimnguyen,2017-10-27 11:15:50
1131,PMC3114353,1,carsonbrown19,2017-10-27 11:16:06
1132,PMC3789260,1,carsonbrown19,2017-10-27 11:18:46
1133,PMC3789260,1,henryrossiter,2017-10-27 11:19:21
1134,PMC2957005,1,w1001766,2017-10-27 11:20:11
1135,PMC2957005,1,rajat-ahuja1997,2017-10-27 11:24:31
1136,PMC2570388,1,sehreenali,2017-10-27 11:25:14
1137,PMC2570388,1,jasleen29,2017-10-27 11:27:57
1138,PMC5412482,1,brentbiglin,2017-10-27 11:33:01
1139,PMC5412482,1,oceanwall,2017-10-27 11:33:11
1140,PMC4541654,1,brentbiglin,2017-10-27 11:36:26
1141,PMC4541654,1,meganpearson,2017-10-27 11:40:59
1142,PMC4812504,1,jaskiratsingh23,2017-10-27 11:46:45
1143,PMC4812504,1,ankimnguyen,2017-10-27 11:52:19
1144,PMC4621721,1,evelynkue,2017-10-27 13:46:46
1145,PMC4621721,1,jackchristen,2017-10-27 14:44:43
1146,PMC3731646,1,evelynkue,2017-10-27 14:25:33
1147,PMC3731646,1,jackchristen,2017-10-27 14:53:42
1148,PMC4303280,1,jackchristen,2017-10-27 15:08:11
1149,PMC5126168,1,zudevon,2017-10-27 15:09:12
1150,PMC3082924,1,jaskiratsingh23,2017-10-28 02:25:36
1151,PMC3246293,1,jaskiratsingh23,2017-10-28 02:28:17
1152,PMC4333854,1,yashkar,2017-10-28 03:23:20
1153,PMC5257183,1,yashkar,2017-10-28 03:26:11
1154,PMC3563119,1,yashkar,2017-10-28 03:34:11
1155,PMC4932304,1,yashkar,2017-10-28 03:40:53
1156,PMC3936631,1,yashkar,2017-10-28 03:47:58
1157,PMC5458115,1,yashkar,2017-10-28 03:48:37
1158,PMC5064299,1,yashkar,2017-10-28 12:43:38
1159,PMC4401356,1,yashkar,2017-10-28 12:48:19
1160,PMC3862696,1,yashkar,2017-10-28 12:51:30
1161,PMC5102042,1,yashkar,2017-10-28 12:54:37
1162,PMC4778439,1,yashkar,2017-10-28 12:57:42
1163,PMC3783109,1,v4lakers,2017-10-28 13:58:06
1164,PMC3030800,1,sehreenali,2017-10-28 14:46:53
1165,PMC4794876,1,sehreenali,2017-10-28 15:28:11
1166,PMC2943325,1,jasleen29,2017-10-28 18:37:06
1167,PMC4154409,1,mrcyndns,2017-10-28 20:03:54
1168,PMC4366972,1,mrcyndns,2017-10-28 20:42:45
1169,PMC4283684,1,oceanwall,2017-10-28 21:45:45
1170,PMC4730843,1,oceanwall,2017-10-28 21:46:02
1171,PMC3756211,1,oceanwall,2017-10-28 21:46:11
1172,PMC4043721,1,mrcyndns,2017-10-29 14:48:03
1173,PMC4017496,1,mrcyndns,2017-10-29 14:52:45
1174,PMC4353061,1,realrichardparker,2017-10-29 19:50:35
1175,PMC4754047,1,carsonbrown19,2017-10-29 21:30:51
1176,PMC4019198,1,carsonbrown19,2017-10-29 21:31:59
1177,PMC2695703,1,ankimnguyen,2017-10-29 23:06:15
1178,PMC4408829,1,evelynkue,2017-10-29 23:41:13
1179,PMC3631792,1,sehreenali,2017-10-30 00:57:29
1180,PMC4384746,1,sehreenali,2017-10-30 00:58:07
1181,PMC4355431,1,sehreenali,2017-10-30 01:00:34
1182,PMC4906388,1,sehreenali,2017-10-30 01:05:21
1183,PMC5387934,1,sehreenali,2017-10-30 01:05:23
1184,PMC4853679,1,sehreenali,2017-10-30 01:05:26
1185,PMC5307937,1,sehreenali,2017-10-30 01:06:07
1186,PMC5120252,1,sehreenali,2017-10-30 01:09:40
1187,PMC4733903,1,sehreenali,2017-10-30 01:11:03
1188,PMC4538254,1,sehreenali,2017-10-30 13:47:36
1189,PMC4105741,1,jameshowison,2017-10-30 14:32:55
1190,PMC4499551,1,jackchristen,2017-10-30 17:44:27
1191,PMC3804802,1,jackchristen,2017-10-30 17:46:10
1192,PMC5010096,1,jackchristen,2017-10-30 17:58:29
1193,PMC4909517,1,jackchristen,2017-10-30 18:16:50
1194,PMC4419364,1,jackchristen,2017-10-30 18:22:57
1195,PMC3584901,1,jackchristen,2017-10-30 18:28:25
1196,PMC2731915,1,mrcyndns,2017-10-30 18:32:49
1197,PMC4717398,1,jackchristen,2017-10-30 18:36:12
1198,PMC4986661,1,mrcyndns,2017-10-30 18:36:47
1199,PMC5036010,1,jackchristen,2017-10-30 18:45:26
1200,PMC2094076,1,jackchristen,2017-10-30 19:09:06
1201,PMC3983507,1,oceanwall,2017-10-30 20:18:04
1202,PMC4832835,1,oceanwall,2017-10-30 20:32:39
1203,PMC2867195,1,oceanwall,2017-10-30 20:48:39
1204,PMC4842857,1,oceanwall,2017-10-30 21:02:51
1205,PMC3615339,1,zudevon,2017-10-30 21:26:37
1206,PMC3510025,1,sahilshahh,2017-10-31 12:29:43
1207,PMC3883584,1,mrcyndns,2017-10-31 12:49:41
1208,PMC3835222,1,henryrossiter,2017-10-31 15:04:57
1209,PMC3493432,1,courtneybroderick,2017-10-31 15:48:17
1210,PMC3771852,1,courtneybroderick,2017-10-31 15:52:33
1211,PMC2846736,1,henryrossiter,2017-10-31 18:09:47
1212,PMC5272950,1,jackchristen,2017-10-31 18:37:39
1213,PMC3875508,1,jackchristen,2017-10-31 18:47:05
1214,PMC2875448,1,jackchristen,2017-10-31 19:03:59
1215,PMC1934993,1,courtneybroderick,2017-10-31 19:12:16
1216,PMC3674238,1,jackchristen,2017-10-31 19:16:47
1217,PMC4801132,1,jackchristen,2017-10-31 19:39:59
1218,PMC3309885,1,sehreenali,2017-10-31 21:33:04
1219,PMC4685610,1,sehreenali,2017-10-31 22:58:16
1220,PMC3831860,1,evelynkue,2017-10-31 23:18:42
1221,PMC4664003,1,sehreenali,2017-11-01 00:30:12
1222,PMC2967123,1,zudevon,2017-11-01 01:00:49
1223,PMC4621376,1,zudevon,2017-11-01 01:27:49
1224,PMC4724666,1,realrichardparker,2017-11-01 09:43:15
1225,PMC3018578,1,realrichardparker,2017-11-01 10:25:06
1226,PMC5103916,1,realrichardparker,2017-11-01 11:03:08
1227,PMC3905510,1,jasleen29,2017-11-01 12:39:45
1228,PMC3271678,1,jasleen29,2017-11-01 12:42:48
1229,PMC3770329,1,jasleen29,2017-11-01 12:57:51
1230,PMC5330818,1,jasleen29,2017-11-01 13:48:59
1231,PMC1616949,1,jackchristen,2017-11-01 16:04:26
1232,PMC3493799,1,jackchristen,2017-11-01 19:03:36
1233,PMC5126167,1,jackchristen,2017-11-01 19:04:36
1234,PMC4582499,1,jackchristen,2017-11-01 19:08:45
1235,PMC3302168,1,jackchristen,2017-11-01 19:19:49
1236,PMC4915958,1,evelynkue,2017-11-01 20:00:52
1237,PMC4430137,1,evelynkue,2017-11-01 22:38:52
1238,PMC4304534,1,evelynkue,2017-11-01 22:46:53
1239,PMC3768732,1,oceanwall,2017-11-02 12:04:47
1240,PMC3925948,1,oceanwall,2017-11-02 12:08:41
1241,PMC3835501,1,oceanwall,2017-11-02 17:12:32
1242,PMC3113153,1,oceanwall,2017-11-02 17:24:17
1243,PMC4582561,1,oceanwall,2017-11-02 17:40:43
1244,PMC4972898,1,henryrossiter,2017-11-02 18:25:18
1245,PMC4849203,1,henryrossiter,2017-11-02 18:38:49
1246,PMC3667679,1,henryrossiter,2017-11-02 21:46:10
1247,PMC4701795,1,henryrossiter,2017-11-02 21:54:52
1248,PMC2879849,1,henryrossiter,2017-11-02 22:30:41
1249,PMC3768948,1,henryrossiter,2017-11-02 22:50:03
1250,PMC5223067,1,henryrossiter,2017-11-02 23:09:43
1251,PMC4540847,1,evelynkue,2017-11-02 23:26:32
1252,PMC3265806,1,evelynkue,2017-11-02 23:43:39
1253,PMC4397380,1,realrichardparker,2017-11-03 00:19:31
1254,PMC5440028,1,ankimnguyen,2017-11-03 09:00:56
1255,PMC4780236,1,meganpearson,2017-11-03 10:50:11
1256,PMC3524325,1,sahilshahh,2017-11-03 10:57:17
1257,PMC3766777,1,anneclarisse,2017-11-03 11:00:15
1258,PMC3351152,1,mjsong1201,2017-11-03 11:00:52
1259,PMC4407761,1,vsanchana,2017-11-03 11:02:12
1260,PMC4662707,1,oceanwall,2017-11-03 11:02:19
1261,PMC2808987,1,v4lakers,2017-11-03 11:06:45
1262,PMC3534176,1,henryrossiter,2017-11-03 11:10:42
1263,PMC4280383,1,jackchristen,2017-11-03 11:10:50
1264,PMC4799566,1,realrichardparker,2017-11-03 11:11:01
1265,PMC4870544,1,jcsick,2017-11-03 11:15:48
1266,PMC4647257,1,jackchristen,2017-11-03 11:16:48
1267,PMC3413126,1,sonakshigarg23,2017-11-03 11:18:31
1268,PMC3020640,1,realrichardparker,2017-11-03 11:18:38
1269,PMC2736484,1,jasleen29,2017-11-03 11:19:27
1270,PMC2241875,1,evelynkue,2017-11-03 11:19:46
1271,PMC5144905,1,mjsong1201,2017-11-03 11:30:09
1272,PMC3177212,1,jackchristen,2017-11-03 11:32:19
1273,PMC2551693,1,jcsick,2017-11-03 11:36:57
1274,PMC5140851,1,mjsong1201,2017-11-03 11:38:11
1275,PMC5209553,1,realrichardparker,2017-11-03 11:38:25
1276,PMC4584013,1,ctjoe,2017-11-03 11:38:39
1277,PMC4309346,1,henryrossiter,2017-11-03 11:39:35
1278,PMC3337979,1,mjsong1201,2017-11-03 11:41:20
1279,PMC3780496,1,realrichardparker,2017-11-03 11:42:31
1280,PMC3590572,1,henryrossiter,2017-11-03 11:45:01
1281,PMC4443294,1,mjsong1201,2017-11-03 11:53:33
1282,PMC4049731,1,chimaezirim,2017-11-03 14:55:14
1283,PMC4212086,1,ankimnguyen,2017-11-03 19:06:17
1284,PMC3590560,1,w1001766,2017-11-03 22:11:28
1285,PMC5462700,1,sehreenali,2017-11-03 22:12:16
1286,PMC4907682,1,sehreenali,2017-11-03 22:46:37
1287,PMC3364128,0,,
1288,PMC3148884,0,,
1289,PMC2996622,0,,
1290,PMC4913178,0,,
1291,PMC3302911,0,,
1292,PMC5121256,0,,
1293,PMC4181735,0,,
1294,PMC3661633,0,,
1295,PMC5005113,0,,
1296,PMC3866064,0,,
1297,PMC3956661,0,,
1298,PMC3888616,0,,
1299,PMC5400067,0,,
1300,PMC3311235,0,,
1301,PMC4649725,0,,
1302,PMC4511747,0,,
1303,PMC2584180,0,,
1304,PMC4435381,0,,
1305,PMC4616395,0,,
1306,PMC4632933,0,,
1307,PMC4026639,0,,
1308,PMC2971576,0,,
1309,PMC5300298,0,,
1310,PMC5063429,0,,
1311,PMC4725005,0,,
1312,PMC3768479,0,,
1313,PMC5308490,0,,
1314,PMC2811487,0,,
1315,PMC4503903,0,,
1316,PMC5078599,0,,
1317,PMC3516051,0,,
1318,PMC4792616,0,,
1319,PMC4017532,0,,
1320,PMC4985394,0,,
1321,PMC5414856,0,,
1322,PMC4906660,0,,
1323,PMC4507389,0,,
1324,PMC4261519,0,,
1325,PMC4250666,0,,
1326,PMC3419515,0,,
1327,PMC4027853,0,,
1328,PMC4478301,0,,
1329,PMC3900797,0,,
1330,PMC3611102,0,,
1331,PMC4968641,0,,
1332,PMC3944319,0,,
1333,PMC3994517,0,,
1334,PMC4433308,0,,
